rank,file,t_sec,score,U,A,D,n_boxes,n_ambiguous,empty,selected
1,frame_0067.jpg,26.8,0.7075,0.6401,0.625,1.0,8,5,False,True
2,frame_0377.jpg,150.8,0.703,0.8331,0.875,0.12,10,7,False,True
3,frame_0079.jpg,31.6,0.7013,0.7076,0.625,0.8,8,5,False,True
4,frame_0069.jpg,27.6,0.6984,0.8467,0.25,1.0,7,2,False,False
5,frame_0004.jpg,1.6,0.6894,0.7538,0.375,1.0,6,3,False,True
6,frame_0291.jpg,116.4,0.6838,0.7316,0.5,0.84,8,4,False,True
7,frame_0293.jpg,117.2,0.6787,0.7535,0.5,0.76,7,4,False,False
8,frame_0122.jpg,48.8,0.676,0.962,0.25,0.6,3,2,False,True
9,frame_0367.jpg,146.8,0.671,0.785,0.875,0.08,8,7,False,True
10,frame_0307.jpg,122.8,0.6646,0.6492,1.0,0.2,9,8,False,True
11,frame_0011.jpg,4.4,0.66,0.77,0.25,1.0,3,2,False,True
12,frame_0328.jpg,131.2,0.6548,0.7526,0.875,0.08,12,7,False,True
13,frame_0133.jpg,53.2,0.6485,0.5971,0.5,1.0,9,4,False,True
14,frame_0080.jpg,32.0,0.6461,0.5382,0.75,0.76,7,6,False,False
15,frame_0007.jpg,2.8,0.6442,0.5884,0.5,1.0,5,4,False,False
16,frame_0387.jpg,154.8,0.6396,0.7491,0.75,0.2,9,6,False,True
17,frame_0002.jpg,0.8,0.6374,0.5747,0.5,1.0,7,4,False,False
18,frame_0378.jpg,151.2,0.6362,0.7155,0.875,0.08,10,7,False,False
19,frame_0186.jpg,74.4,0.6327,0.7995,0.75,0.04,9,6,False,False
20,frame_0292.jpg,116.8,0.6285,0.712,0.375,0.8,8,3,False,False
21,frame_0076.jpg,30.4,0.6272,0.5863,0.5,0.92,8,4,False,False
22,frame_0321.jpg,128.4,0.6269,0.7987,0.625,0.2,6,5,False,False
23,frame_0072.jpg,28.8,0.6251,0.5502,0.5,1.0,7,4,False,False
24,frame_0075.jpg,30.0,0.6235,0.5629,0.5,0.96,7,4,False,False
25,frame_0074.jpg,29.6,0.6209,0.6918,0.25,1.0,7,2,False,False
26,frame_0000.jpg,0.0,0.6181,0.4613,0.625,1.0,7,5,False,False
27,frame_0030.jpg,12.0,0.6177,0.5354,0.5,1.0,7,4,False,False
28,frame_0368.jpg,147.2,0.6165,0.7671,0.75,0.04,8,6,False,False
29,frame_0014.jpg,5.6,0.6091,0.5932,0.375,1.0,5,3,False,False
30,frame_0379.jpg,151.6,0.6082,0.6754,0.875,0.04,7,7,False,False
31,frame_0318.jpg,127.2,0.6074,0.7438,0.625,0.24,7,5,False,False
32,frame_0206.jpg,82.4,0.6067,0.7594,0.25,0.76,2,2,False,False
33,frame_0389.jpg,155.6,0.6064,0.7898,0.625,0.12,11,5,False,False
34,frame_0033.jpg,13.2,0.6058,0.5867,0.375,1.0,7,3,False,False
35,frame_0126.jpg,50.4,0.6058,0.7576,0.25,0.76,6,2,False,False
36,frame_0001.jpg,0.4,0.6043,0.5837,0.375,1.0,8,3,False,False
37,frame_0287.jpg,114.8,0.6011,0.4802,0.75,0.68,7,6,False,False
38,frame_0105.jpg,42.0,0.6003,0.7186,0.75,0.08,7,6,False,False
39,frame_0120.jpg,48.0,0.599,0.69,0.5,0.52,6,4,False,False
40,frame_0333.jpg,133.2,0.5975,0.713,0.75,0.08,10,6,False,False
41,frame_0021.jpg,8.4,0.5948,0.5646,0.375,1.0,5,3,False,False
42,frame_0288.jpg,115.2,0.5928,0.6726,0.375,0.72,8,3,False,False
43,frame_0113.jpg,45.2,0.5923,0.7136,0.625,0.24,7,5,False,False
44,frame_0129.jpg,51.6,0.5912,0.5303,0.5,0.88,6,4,False,False
45,frame_0078.jpg,31.2,0.5905,0.6199,0.375,0.84,7,3,False,False
46,frame_0117.jpg,46.8,0.5885,0.567,0.75,0.4,7,6,False,False
47,frame_0008.jpg,3.2,0.5866,0.6231,0.25,1.0,3,2,False,False
48,frame_0207.jpg,82.8,0.5836,0.6971,0.25,0.8,2,2,False,False
49,frame_0029.jpg,11.6,0.5805,0.611,0.25,1.0,6,2,False,False
50,frame_0193.jpg,77.2,0.5799,0.6889,0.625,0.24,6,5,False,False
51,frame_0073.jpg,29.2,0.5766,0.6782,0.125,1.0,7,1,False,False
52,frame_0003.jpg,1.2,0.5707,0.5164,0.375,1.0,5,3,False,False
53,frame_0315.jpg,126.0,0.5693,0.7156,0.625,0.12,8,5,False,False
54,frame_0376.jpg,150.4,0.5681,0.7721,0.5,0.16,8,4,False,False
55,frame_0329.jpg,131.6,0.5675,0.7281,0.625,0.08,10,5,False,False
56,frame_0031.jpg,12.4,0.5672,0.5093,0.375,1.0,10,3,False,False
57,frame_0284.jpg,113.6,0.5667,0.6845,0.375,0.56,5,3,False,False
58,frame_0127.jpg,50.8,0.5653,0.6605,0.25,0.8,8,2,False,False
59,frame_0005.jpg,2.0,0.5626,0.5002,0.375,1.0,7,3,False,False
60,frame_0374.jpg,149.6,0.5618,0.8186,0.375,0.2,10,3,False,False
61,frame_0068.jpg,27.2,0.5601,0.5701,0.25,1.0,6,2,False,False
62,frame_0231.jpg,92.4,0.5529,0.6668,0.625,0.16,9,5,False,False
63,frame_0217.jpg,86.8,0.5527,0.9454,0.0,0.4,1,0,False,False
64,frame_0012.jpg,4.8,0.5521,0.5541,0.25,1.0,4,2,False,False
65,frame_0176.jpg,70.4,0.5505,0.6299,0.625,0.24,7,5,False,False
66,frame_0175.jpg,70.0,0.5497,0.6873,0.5,0.28,6,4,False,False
67,frame_0128.jpg,51.2,0.549,0.6119,0.25,0.84,7,2,False,False
68,frame_0013.jpg,5.2,0.5478,0.5456,0.25,1.0,4,2,False,False
69,frame_0077.jpg,30.8,0.5459,0.5898,0.25,0.88,7,2,False,False
70,frame_0115.jpg,46.0,0.5457,0.5884,0.625,0.32,7,5,False,False
71,frame_0124.jpg,49.6,0.5427,0.5134,0.5,0.68,6,4,False,False
72,frame_0114.jpg,45.6,0.5404,0.7438,0.375,0.28,6,3,False,False
73,frame_0116.jpg,46.4,0.5397,0.7105,0.375,0.36,9,3,False,False
74,frame_0123.jpg,49.2,0.5385,0.671,0.25,0.64,5,2,False,False
75,frame_0205.jpg,82.0,0.5384,0.6388,0.25,0.72,2,2,False,False
76,frame_0290.jpg,116.0,0.5338,0.5226,0.375,0.8,7,3,False,False
77,frame_0089.jpg,35.6,0.5319,0.6038,0.5,0.4,6,4,False,False
78,frame_0168.jpg,67.2,0.5312,0.6134,0.375,0.56,5,3,False,False
79,frame_0302.jpg,120.8,0.5308,0.5265,0.625,0.4,5,5,False,False
80,frame_0316.jpg,126.4,0.5301,0.6962,0.5,0.16,8,4,False,False
81,frame_0280.jpg,112.0,0.5299,0.5999,0.5,0.4,6,4,False,False
82,frame_0297.jpg,118.8,0.5278,0.5906,0.375,0.6,6,3,False,False
83,frame_0071.jpg,28.4,0.5266,0.5782,0.125,1.0,7,1,False,False
84,frame_0294.jpg,117.6,0.5264,0.6149,0.25,0.72,4,2,False,False
85,frame_0273.jpg,109.2,0.5255,0.628,0.625,0.12,7,5,False,False
86,frame_0388.jpg,155.2,0.5192,0.7494,0.375,0.16,9,3,False,False
87,frame_0189.jpg,75.6,0.5188,0.8556,0.25,0.08,4,2,False,False
88,frame_0396.jpg,158.4,0.5182,0.5974,0.625,0.16,11,5,False,False
89,frame_0026.jpg,10.4,0.5168,0.4085,0.375,1.0,5,3,False,False
90,frame_0210.jpg,84.0,0.5167,0.6863,0.125,0.68,3,1,False,False
91,frame_0006.jpg,2.4,0.5162,0.4075,0.375,1.0,4,3,False,False
92,frame_0070.jpg,28.0,0.5162,0.5575,0.125,1.0,7,1,False,False
93,frame_0398.jpg,159.2,0.515,0.559,0.625,0.24,10,5,False,False
94,frame_0330.jpg,132.0,0.5149,0.7137,0.5,0.04,8,4,False,False
95,frame_0397.jpg,158.8,0.5095,0.639,0.5,0.2,7,4,False,False
96,frame_0301.jpg,120.4,0.508,0.615,0.375,0.44,6,3,False,False
97,frame_0286.jpg,114.4,0.5072,0.6084,0.25,0.64,7,2,False,False
98,frame_0177.jpg,70.8,0.5067,0.5583,0.625,0.2,7,5,False,False
99,frame_0225.jpg,90.0,0.5061,0.7553,0.375,0.08,7,3,False,False
100,frame_0185.jpg,74.0,0.5049,0.5278,0.75,0.08,9,6,False,False
101,frame_0017.jpg,6.8,0.5027,0.3804,0.375,1.0,6,3,False,False
102,frame_0032.jpg,12.8,0.5011,0.3772,0.375,1.0,6,3,False,False
103,frame_0275.jpg,110.0,0.4992,0.6934,0.375,0.2,6,3,False,False
104,frame_0015.jpg,6.0,0.498,0.446,0.25,1.0,6,2,False,False
105,frame_0215.jpg,86.0,0.497,0.5771,0.375,0.48,4,3,False,False
106,frame_0081.jpg,32.4,0.4959,0.4037,0.5,0.72,6,4,False,False
107,frame_0170.jpg,68.0,0.4893,0.6366,0.25,0.48,5,2,False,False
108,frame_0375.jpg,150.0,0.4868,0.5936,0.5,0.2,9,4,False,False
109,frame_0298.jpg,119.2,0.4857,0.5974,0.25,0.56,6,2,False,False
110,frame_0173.jpg,69.2,0.4849,0.6757,0.25,0.36,7,2,False,False
111,frame_0119.jpg,47.6,0.4844,0.4769,0.5,0.48,7,4,False,False
112,frame_0209.jpg,83.6,0.4844,0.6058,0.125,0.72,3,1,False,False
113,frame_0131.jpg,52.4,0.484,0.434,0.25,0.96,5,2,False,False
114,frame_0305.jpg,122.0,0.4838,0.5557,0.5,0.28,5,4,False,False
115,frame_0118.jpg,47.2,0.4829,0.4897,0.5,0.44,6,4,False,False
116,frame_0095.jpg,38.0,0.4825,0.676,0.375,0.16,6,3,False,False
117,frame_0010.jpg,4.0,0.4821,0.5641,0.0,1.0,2,0,False,False
118,frame_0211.jpg,84.4,0.4791,0.5521,0.25,0.64,3,2,False,False
119,frame_0274.jpg,109.6,0.479,0.819,0.125,0.16,7,1,False,False
120,frame_0268.jpg,107.2,0.4735,0.615,0.5,0.08,6,4,False,False
121,frame_0196.jpg,78.4,0.4723,0.6506,0.25,0.36,2,2,False,False
122,frame_0276.jpg,110.4,0.472,0.473,0.625,0.24,9,5,False,False
123,frame_0314.jpg,125.6,0.4717,0.5364,0.625,0.08,7,5,False,False
124,frame_0223.jpg,89.2,0.4715,0.579,0.5,0.16,7,4,False,False
125,frame_0395.jpg,158.0,0.4695,0.5909,0.5,0.12,9,4,False,False
126,frame_0386.jpg,154.4,0.4685,0.541,0.5,0.24,7,4,False,False
127,frame_0096.jpg,38.4,0.4678,0.5876,0.5,0.12,7,4,False,False
128,frame_0327.jpg,130.8,0.4673,0.6936,0.375,0.04,13,3,False,False
129,frame_0277.jpg,110.8,0.4667,0.5215,0.5,0.28,7,4,False,False
130,frame_0332.jpg,132.8,0.4655,0.69,0.375,0.04,9,3,False,False
131,frame_0313.jpg,125.2,0.4635,0.761,0.25,0.04,2,2,False,False
132,frame_0090.jpg,36.0,0.4623,0.4807,0.5,0.36,5,4,False,False
133,frame_0016.jpg,6.4,0.4622,0.2993,0.375,1.0,5,3,False,False
134,frame_0384.jpg,153.6,0.4622,0.7104,0.25,0.16,7,2,False,False
135,frame_0020.jpg,8.0,0.4595,0.2941,0.375,1.0,4,3,False,False
136,frame_0130.jpg,52.0,0.4575,0.4719,0.125,0.92,4,1,False,False
137,frame_0125.jpg,50.0,0.4564,0.4748,0.25,0.72,5,2,False,False
138,frame_0121.jpg,48.4,0.4545,0.535,0.25,0.56,5,2,False,False
139,frame_0167.jpg,66.8,0.4539,0.5177,0.25,0.6,6,2,False,False
140,frame_0303.jpg,121.2,0.4518,0.6096,0.25,0.36,7,2,False,False
141,frame_0098.jpg,39.2,0.4487,0.5814,0.5,0.04,5,4,False,False
142,frame_0233.jpg,93.2,0.4478,0.4997,0.5,0.24,8,4,False,False
143,frame_0391.jpg,156.4,0.446,0.501,0.625,0.04,8,5,False,False
144,frame_0203.jpg,81.2,0.4457,0.4854,0.25,0.64,2,2,False,False
145,frame_0171.jpg,68.4,0.4415,0.407,0.5,0.44,6,4,False,False
146,frame_0019.jpg,7.6,0.4412,0.4823,0.0,1.0,3,0,False,False
147,frame_0018.jpg,7.2,0.44,0.4049,0.125,1.0,4,1,False,False
148,frame_0106.jpg,42.4,0.4382,0.6354,0.375,0.04,6,3,False,False
149,frame_0132.jpg,52.8,0.4369,0.3987,0.125,1.0,7,1,False,False
150,frame_0100.jpg,40.0,0.4356,0.6303,0.375,0.04,7,3,False,False
151,frame_0383.jpg,153.2,0.434,0.5949,0.375,0.12,6,3,False,False
152,frame_0278.jpg,111.2,0.4333,0.5886,0.25,0.32,5,2,False,False
153,frame_0178.jpg,71.2,0.4326,0.5013,0.5,0.16,7,4,False,False
154,frame_0104.jpg,41.6,0.4304,0.5127,0.5,0.12,4,4,False,False
155,frame_0097.jpg,38.8,0.4296,0.5273,0.5,0.08,7,4,False,False
156,frame_0183.jpg,73.2,0.4278,0.6896,0.25,0.04,6,2,False,False
157,frame_0088.jpg,35.2,0.4267,0.5274,0.25,0.44,6,2,False,False
158,frame_0028.jpg,11.2,0.4257,0.3764,0.125,1.0,5,1,False,False
159,frame_0169.jpg,67.6,0.4245,0.4911,0.25,0.52,8,2,False,False
160,frame_0094.jpg,37.6,0.4232,0.6163,0.25,0.2,5,2,False,False
161,frame_0181.jpg,72.4,0.4225,0.529,0.5,0.04,6,4,False,False
162,frame_0230.jpg,92.0,0.422,0.646,0.25,0.12,10,2,False,False
163,frame_0083.jpg,33.2,0.4158,0.5007,0.125,0.64,3,1,False,False
164,frame_0390.jpg,156.0,0.4151,0.5731,0.375,0.08,7,3,False,False
165,frame_0371.jpg,148.4,0.4144,0.5719,0.375,0.08,7,3,False,False
166,frame_0269.jpg,107.6,0.4135,0.511,0.5,0.04,6,4,False,False
167,frame_0086.jpg,34.4,0.4116,0.4652,0.25,0.52,6,2,False,False
168,frame_0229.jpg,91.6,0.411,0.565,0.375,0.08,8,3,False,False
169,frame_0320.jpg,128.0,0.4109,0.5008,0.375,0.24,5,3,False,False
170,frame_0299.jpg,119.6,0.4103,0.4627,0.25,0.52,6,2,False,False
171,frame_0393.jpg,157.2,0.41,0.5039,0.5,0.04,7,4,False,False
172,frame_0103.jpg,41.2,0.4091,0.5291,0.375,0.16,4,3,False,False
173,frame_0222.jpg,88.8,0.4071,0.5091,0.375,0.2,7,3,False,False
174,frame_0283.jpg,113.2,0.4062,0.4543,0.25,0.52,5,2,False,False
175,frame_0194.jpg,77.6,0.4057,0.4744,0.375,0.28,6,3,False,False
176,frame_0204.jpg,81.6,0.4046,0.3871,0.25,0.68,3,2,False,False
177,frame_0385.jpg,154.0,0.4042,0.5034,0.375,0.2,5,3,False,False
178,frame_0197.jpg,78.8,0.403,0.571,0.125,0.4,1,1,False,False
179,frame_0214.jpg,85.6,0.403,0.5229,0.125,0.52,3,1,False,False
180,frame_0306.jpg,122.4,0.4023,0.5586,0.25,0.24,7,2,False,False
181,frame_0174.jpg,69.6,0.4019,0.4508,0.375,0.32,5,3,False,False
182,frame_0308.jpg,123.2,0.4014,0.5139,0.375,0.16,8,3,False,False
183,frame_0184.jpg,73.6,0.3974,0.6128,0.25,0.08,7,2,False,False
184,frame_0023.jpg,9.2,0.3971,0.3192,0.125,1.0,4,1,False,False
185,frame_0295.jpg,118.0,0.3965,0.4459,0.125,0.68,7,1,False,False
186,frame_0289.jpg,115.6,0.3923,0.4056,0.125,0.76,6,1,False,False
187,frame_0208.jpg,83.2,0.3914,0.4038,0.125,0.76,6,1,False,False
188,frame_0232.jpg,92.8,0.3913,0.4776,0.375,0.2,5,3,False,False
189,frame_0399.jpg,159.6,0.3908,0.4446,0.375,0.28,8,3,False,False
190,frame_0216.jpg,86.4,0.3889,0.4518,0.25,0.44,5,2,False,False
191,frame_0319.jpg,127.6,0.3879,0.5137,0.25,0.28,8,2,False,False
192,frame_0172.jpg,68.8,0.3872,0.3894,0.375,0.4,6,3,False,False
193,frame_0112.jpg,44.8,0.3858,0.5416,0.25,0.2,5,2,False,False
194,frame_0285.jpg,114.0,0.3828,0.5257,0.0,0.6,5,0,False,False
195,frame_0381.jpg,152.4,0.3818,0.4475,0.5,0.04,7,4,False,False
196,frame_0373.jpg,149.2,0.3808,0.4725,0.375,0.16,9,3,False,False
197,frame_0202.jpg,80.8,0.3769,0.3638,0.25,0.6,5,2,False,False
198,frame_0009.jpg,3.6,0.3763,0.2776,0.125,1.0,4,1,False,False
199,frame_0300.jpg,120.0,0.376,0.41,0.25,0.48,7,2,False,False
200,frame_0192.jpg,76.8,0.3717,0.5134,0.25,0.2,5,2,False,False
201,frame_0322.jpg,128.8,0.371,0.528,0.25,0.16,6,2,False,False
202,frame_0394.jpg,157.6,0.3709,0.4848,0.375,0.08,7,3,False,False
203,frame_0108.jpg,43.2,0.3705,0.425,0.5,0.04,8,4,False,False
204,frame_0219.jpg,87.6,0.3674,0.4568,0.25,0.32,5,2,False,False
205,frame_0111.jpg,44.4,0.3672,0.6705,0.0,0.16,3,0,False,False
206,frame_0082.jpg,32.8,0.365,0.308,0.25,0.68,7,2,False,False
207,frame_0228.jpg,91.2,0.364,0.487,0.375,0.04,7,3,False,False
208,frame_0317.jpg,126.8,0.3637,0.4973,0.25,0.2,9,2,False,False
209,frame_0370.jpg,148.0,0.3618,0.4826,0.375,0.04,8,3,False,False
210,frame_0022.jpg,8.8,0.3609,0.2467,0.125,1.0,5,1,False,False
211,frame_0323.jpg,129.2,0.3592,0.4454,0.375,0.12,7,3,False,False
212,frame_0198.jpg,79.2,0.3524,0.4538,0.125,0.44,3,1,False,False
213,frame_0091.jpg,36.4,0.3491,0.4202,0.25,0.32,4,2,False,False
214,frame_0296.jpg,118.4,0.347,0.288,0.25,0.64,6,2,False,False
215,frame_0024.jpg,9.6,0.3447,0.2893,0.0,1.0,3,0,False,False
216,frame_0271.jpg,108.4,0.3439,0.5217,0.25,0.04,3,2,False,False
217,frame_0201.jpg,80.4,0.343,0.3121,0.25,0.56,5,2,False,False
218,frame_0084.jpg,33.6,0.3422,0.3693,0.125,0.6,3,1,False,False
219,frame_0212.jpg,84.8,0.3413,0.2926,0.25,0.6,3,2,False,False
220,frame_0218.jpg,87.2,0.3392,0.4595,0.125,0.36,4,1,False,False
221,frame_0304.jpg,121.6,0.337,0.471,0.125,0.32,6,1,False,False
222,frame_0279.jpg,111.6,0.3272,0.4355,0.125,0.36,6,1,False,False
223,frame_0025.jpg,10.0,0.3271,0.2541,0.0,1.0,4,0,False,False
224,frame_0027.jpg,10.8,0.3249,0.2497,0.0,1.0,4,0,False,False
225,frame_0087.jpg,34.8,0.324,0.381,0.125,0.48,5,1,False,False
226,frame_0325.jpg,130.0,0.323,0.405,0.375,0.04,8,3,False,False
227,frame_0224.jpg,89.6,0.3224,0.5217,0.125,0.12,5,1,False,False
228,frame_0093.jpg,37.2,0.3204,0.3948,0.25,0.24,5,2,False,False
229,frame_0085.jpg,34.0,0.3203,0.3416,0.125,0.56,6,1,False,False
230,frame_0188.jpg,75.2,0.3184,0.4707,0.25,0.04,10,2,False,False
231,frame_0220.jpg,88.0,0.3154,0.4438,0.125,0.28,5,1,False,False
232,frame_0309.jpg,123.6,0.3154,0.4328,0.25,0.12,8,2,False,False
233,frame_0226.jpg,90.4,0.3151,0.4643,0.25,0.04,5,2,False,False
234,frame_0382.jpg,152.8,0.3125,0.4429,0.25,0.08,7,2,False,False
235,frame_0267.jpg,106.8,0.3047,0.4113,0.25,0.12,6,2,False,False
236,frame_0213.jpg,85.2,0.2874,0.3508,0.0,0.56,6,0,False,False
237,frame_0179.jpg,71.6,0.2864,0.3748,0.25,0.12,8,2,False,False
238,frame_0199.jpg,79.6,0.286,0.3049,0.125,0.48,3,1,False,False
239,frame_0190.jpg,76.0,0.2815,0.365,0.25,0.12,6,2,False,False
240,frame_0092.jpg,36.8,0.2785,0.2951,0.25,0.28,6,2,False,False
241,frame_0281.jpg,112.4,0.278,0.38,0.0,0.44,4,0,False,False
242,frame_0200.jpg,80.0,0.2752,0.2675,0.125,0.52,3,1,False,False
243,frame_0324.jpg,129.6,0.2712,0.3605,0.25,0.08,7,2,False,False
244,frame_0282.jpg,112.8,0.2591,0.2512,0.125,0.48,5,1,False,False
245,frame_0102.jpg,40.8,0.2582,0.3183,0.25,0.12,5,2,False,False
246,frame_0180.jpg,72.0,0.257,0.3319,0.25,0.08,6,2,False,False
247,frame_0311.jpg,124.4,0.2566,0.4222,0.125,0.04,4,1,False,False
248,frame_0195.jpg,78.0,0.25,0.2971,0.125,0.32,3,1,False,False
249,frame_0372.jpg,148.8,0.2445,0.4411,0.0,0.12,8,0,False,False
250,frame_0272.jpg,108.8,0.2435,0.38,0.125,0.08,5,1,False,False
251,frame_0110.jpg,44.0,0.2397,0.4315,0.0,0.12,3,0,False,False
252,frame_0109.jpg,43.6,0.2384,0.2948,0.25,0.08,6,2,False,False
253,frame_0221.jpg,88.4,0.2369,0.3029,0.125,0.24,5,1,False,False
254,frame_0101.jpg,40.4,0.2184,0.3298,0.125,0.08,6,1,False,False
255,frame_0191.jpg,76.4,0.2091,0.2791,0.125,0.16,7,1,False,False
256,frame_0310.jpg,124.0,0.209,0.311,0.125,0.08,7,1,False,False
